{"cameraMode":{"drawMode":0,"name":"Shaded","section":"Shading Mode"},"sceneLighting":false,"audioPlay":false,"sceneViewState":{"showFog":true,"showMaterialUpdate":false,"showSkybox":true,"showFlares":true,"showImageEffects":true,"showParticleSystems":true},"in2DMode":false,"pivot":{"x":10.042875289916993,"y":12.476600646972657,"z":-0.036640655249357226},"rotation":{"x":-0.14548519253730775,"y":0.6959306001663208,"z":-0.14724138379096986,"w":-0.6876296997070313},"size":6.515411376953125,"orthographic":false}